relation,gold_mean,gold_count
"sports.sports_championship_event.championship",14.1197,1
"computer.file_format.extended_from",13.8512,3
"business.brand.parent_brand",13.7664,1
"exhibitions.exhibit.exhibitions_displayed_in",13.6802,3
"wine.fruit_source.wines",13.6730,1
"computer.software_genre.parent_genre",13.6648,2
"theater.theater.theatrical_productions_staged_here",13.5947,1
"computer.internet_protocol.software_used_by",13.5874,1
"book.isbn.book_editions",13.5708,1
"sports.defunct_sports_team.sport",13.5530,1
"theater.theater_company.plays_produced",13.5471,1
"comic_books.comic_book_penciler.comic_books_penciled",13.5340,2
"comic_books.comic_book_series.continues",13.5329,1
"music.album_release_type.albums",13.5315,1
"meteorology.tropical_cyclone_category.maximum_wind_speed_gust_km_h",13.5286,1
"government.general_election.contests",13.5258,1
"music.album.album_content_type",13.5090,1
"government.government_agency.successor_agency",13.4989,1
"geography.glacier.glacier_type",13.4981,1
"automotive.engine.horsepower",13.4829,16
"royalty.chivalric_title.order_of_chivalry",13.4598,2
"food.dish.recipes",13.4597,3
"religion.religious_organization.member_organizations",13.4461,1
"music.genre.subgenre",13.4373,1
"cricket.cricket_match.toss_winner",13.4276,1
"tv.tv_program.spin_offs",13.4218,1
"bicycles.bicycle_type.bicycle_models_of_this_type",13.4101,1
"book.interviewee.interviews_given",13.3993,1
"fictional_universe.fictional_character.parents",13.3972,1
"opera.opera_producer.operas_produced",13.3744,1
"internet.website.sub_web_properties",13.3597,1
"internet.top_level_domain_status.domains",13.3589,2
"tv.tv_series_episode.previous_episode",13.3468,1
"automotive.platform.successor",13.3309,1
"exhibitions.exhibition.exhibits",13.3082,1
"amusement_parks.roller_coaster_propulsion_system.roller_coasters",13.2844,1
"food.drinking_establishment_type.establishments_of_this_type",13.2809,1
"amusement_parks.ride_manufacturer.rides",13.2236,1
"organization.organization_type.organizations_of_this_type",13.2035,1
"automotive.model.related",13.1944,1
"military.military_unit.unit_size",13.1713,2
"royalty.royal_line.succeeded_by",13.1677,3
"digicams.camera_sensor_manufacturer.cameras",13.1600,3
"computer.programming_language.parent_language",13.1536,1
"medicine.medical_treatment.contraindications",13.1328,4
"media_common.media_genre.parent_genre",13.1315,1
"music.producer.releases_produced",13.0635,2
"meteorology.cyclone_affected_area.cyclones",13.0576,1
"government.governmental_body.jurisdiction",13.0381,2
"theater.theater_genre.plays_in_this_genre",13.0256,1
"distilled_spirits.distilled_spirit_type.spirits",13.0200,1
"medicine.drug_pregnancy_category.drugs_in_this_category",13.0168,1
"education.school.lowest_grade_taught",13.0105,1
"geology.rock_type.formations",13.0022,1
"wine.wine_type.wines",12.9941,1
"book.periodical_subject.periodicals",12.9881,3
"education.fraternity_sorority_type.fraternities_and_sororities",12.9866,1
"medicine.drug_class.drugs",12.9824,2
"aviation.iata_airline_designator.airline",12.9333,2
"time.time_zone.day_dst_ends",12.8683,1
"automotive.generation.model",12.8589,1
"government.governmental_body.body_this_is_a_component_of",12.8564,1
"sports.multi_event_tournament.events",12.8472,1
"astronomy.celestial_object_category.objects",12.8459,1
"book.newspaper_owner.newspapers_owned",12.8455,2
"soccer.football_player_loan.borrowing_team",12.8405,2
"music.compositional_form.subforms",12.8405,1
"zoos.zoo_category.zoos",12.8282,1
"computer.file_format.contained_by",12.8279,1
"medicine.drug.physiologic_effect",12.8266,1
"fictional_universe.fictional_object_destruction_method.fictional_objects_destroyed",12.8162,1
"biology.organism_classification_rank.organism_classifications",12.8137,1
"type.type.extends",12.7951,6
"theater.theater_choreographer.plays_choreographed",12.7826,1
"biology.organism_classification.latest_fossil_record",12.7637,1
"military.armed_force.units",12.7609,1
"food.drinking_establishment.drinking_establishment_type",12.7533,1
"engineering.piston_configuration.engines",12.7514,1
"theater.theater_director.plays_directed",12.7503,1
"biology.organism.parents",12.7431,1
"skiing.ski_run.served_by",12.7401,5
"digicams.camera_color_filter_array_type.cameras",12.7330,1
"royalty.system_of_nobility.country_of_origin",12.7130,1
"astronomy.satellite_galaxy.satellite_of_this_galaxy",12.7121,1
"government.poll_respondent_category.polls",12.7121,1
"education.field_of_study.academics_in_this_field",12.6939,1
"astronomy.asteroid_family.founding_asteroid_family_member",12.6923,1
"book.written_work.previous_in_series",12.6883,1
"education.school.highest_grade_taught",12.6756,2
"geography.island_group.islands_in_group",12.6578,1
"royalty.noble_title.noble_rank",12.6529,1
"projects.project_focus.projects",12.6483,1
"travel.guidebook_series.guidebooks",12.6431,1
"music.guitarist.guitars_played",12.6375,2
"food.dietary_restriction.compatible_ingredients",12.6375,1
"computer.computer_processor.processor_family",12.6125,18
"royalty.royal_line.preceded_by",12.6094,2
"astronomy.comet.last_perihelion",12.6031,1
"protected_sites.site_listing_category.category_of",12.5897,1
"food.beer_style.beers",12.5885,1
"music.music_video_choreographer.music_videos_choreographed",12.5855,1
"geography.lake.inflow",12.5840,1
"spaceflight.rocket_status.rockets",12.5825,1
"theater.play.productions",12.5765,1
"organization.organization_committee.committee_of",12.5643,1
"law.legal_subject.legal_cases",12.5414,1
"architecture.building_complex_function.building_complexes",12.5404,1
"biology.genomic_locus.chromosome",12.5367,23
"broadcast.radio_format.stations",12.5366,2
"geography.river.basin_countries",12.5315,2
"internet.website_owner.websites_owned",12.5232,3
"food.recipe_author.recipes",12.5198,3
"medicine.drug_brand.active_ingredients",12.5038,1
"business.company_advisor.companies_advised",12.5025,1
"cricket.cricket_match.field_umpires",12.4868,1
"business.brand_slogan.brand",12.4750,1
"boats.ship_type.ship_class",12.4716,1
"olympics.olympic_host_city.olympics_hosted",12.4572,1
"computer.file_format.mime_type",12.4504,2
"royalty.royal_line.kingdom_s_ruled",12.4497,1
"book.book.first_edition",12.4340,2
"music.concert.concert_tour",12.4337,1
"travel.tour_operator.travel_destinations",12.4027,1
"book.scholarly_work.works_cited",12.3932,1
"digicams.digital_camera.iso_setting",12.3930,1
"medicine.drug_administration_route.drug_formulations",12.3871,1
"food.dietary_restriction.incompatible_ingredients",12.3829,1
"music.musician_profession.instrument",12.3817,1
"architecture.tower_shape.lighthouse_has_shape",12.3764,2
"opera.opera.librettist",12.3756,1
"royalty.chivalric_rank.gender",12.3453,1
"medicine.contraindication.contraindication_for",12.3416,11
"computer.computer_processor.variants",12.3168,17
"fictional_universe.type_of_fictional_setting.settings",12.3009,1
"wine.appellation.wines",12.2986,1
"book.short_story.characters",12.2971,1
"religion.religious_leadership_role.religion",12.2912,1
"travel.hotel_brand_owner.hotel_brands_owned",12.2844,1
"astronomy.star_system.constellation",12.2769,1
"medicine.drug_formulation_category.drug_formulations",12.2731,1
"travel.accommodation_feature.accommodation_with_this_feature",12.2700,2
"geography.mountain_listing.mountains",12.2691,1
"distilled_spirits.blended_spirit_style.blends",12.2333,2
"digicams.camera_uncompressed_format.cameras",12.2274,16
"architecture.lighthouse.focal_height_of_light",12.2272,3
"education.school_category.schools_of_this_kind",12.2116,16
"spaceflight.satellite_manufacturer.spacecraft_manufactured",12.2039,1
"spaceflight.satellite.launch_site",12.2035,1
"law.legal_case.subject",12.1931,1
"computer.computer_peripheral.supporting_game_versions",12.1865,1
"opera.opera_production.designers",12.1858,1
"astronomy.asteroid_spectral_type.asteroids_of_this_type",12.1853,1
"book.author.school_or_movement",12.1789,1
"measurement_unit.measuring_instrument.subclass_of",12.1731,8
"internet.top_level_domain_registry.domains",12.1567,23
"opera.opera_genre.operas_in_this_genre",12.1438,1
"biology.gene.locus",12.1436,1
"tv.tv_series_episode.subjects",12.1391,1
"ice_hockey.hockey_team.captain",12.1351,1
"computer.software_genre.subgenres",12.1273,1
"fictional_universe.fictional_setting.contained_by",12.1242,1
"book.book.editions",12.1103,1
"government.general_election.part_of_general_election",12.1090,2
"computer.file_format.container_for",12.0943,2
"ice_hockey.hockey_position.players",12.0903,2
"broadcast.tv_channel.language",12.0816,2
"amusement_parks.park.areas",12.0736,1
"amusement_parks.ride_theme.rides",12.0715,1
"biology.chromosome.gene",12.0678,2
"sports.sports_facility.teams",12.0418,1
"automotive.automotive_class.examples",12.0379,3
"religion.religion.branched_from",12.0304,2
"exhibitions.exhibition.produced_by",12.0237,2
"travel.hotel.grade",12.0224,1
"base.lightweight.beer_hop.hops_similar",12.0152,5
"geography.geographical_feature_category.subcategories",12.0001,2
"astronomy.star.mass_m",11.9999,1
"architecture.landscape_project.landscape_architect",11.9941,1
"music.album_content_type.albums",11.9789,15
"language.language_dialect.language",11.9718,2
"opera.librettist.libretti",11.9679,2
"architecture.structure.topped_out",11.9560,1
"computer.html_layout_engine.browsers",11.9314,1
"exhibitions.exhibition.subjects",11.9200,1
"olympics.olympic_games.mascot",11.9145,2
"government.government_issued_permit.issuing_service",11.9092,1
"engineering.channel_access_method.child_method",11.8825,4
"comic_books.comic_book_series.first_issue",11.8801,1
"business.customer.supplier",11.8776,1
"tv.tv_segment_personal_appearance.segment",11.8734,1
"medicine.drug_administration_route.administered_drugs",11.8669,1
"olympics.olympic_demonstration_medal_honor.country",11.8501,1
"computer.computer_peripheral_class.supporting_games",11.8471,1
"food.recipe_collection.recipes",11.8286,3
"opera.opera.productions",11.8006,1
"law.court.legal_cases",11.7832,2
"astronomy.galaxy.interaction",11.7393,2
"law.judge.cases",11.7368,1
"law.inventor.inventions",11.7233,2
"astronomy.orbit_type.orbiting_bodies",11.7117,1
"internet.blog.language",11.7114,2
"media_common.literary_genre.books_in_this_genre",11.7063,2
"medicine.medical_trial.treatment_being_tested",11.7032,23
"visual_art.artwork.edition_of",11.6932,2
"distilled_spirits.distilled_spirit_type.blends",11.6923,1
"automotive.model.automotive_class",11.6859,2
"music.featured_artist.albums",11.6620,1
"book.magazine.issues",11.6470,1
"government.political_ideology.political_parties",11.6403,1
"travel.guidebook.travel_destinations_covered",11.6178,1
"conferences.conference_subject.specific_conferences_about_this",11.6146,18
"book.author.contributing_author_to",11.6143,5
"food.beer_style_category.styles",11.6122,1
"tv.tv_writer.tv_segments_written",11.5975,1
"organization.organization_founder.organizations_founded",11.5896,1
"medicine.drug_formulation.formulation_of",11.5838,1
"digicams.digital_camera.supported_storage_types",11.5741,1
"visual_art.artwork_owner_relationship.purchase_currency",11.5711,1
"comic_books.comic_book_genre.comic_book_series_in_this_genre",11.5649,1
"digicams.camera_storage_type.compatible_cameras",11.5617,1
"business.product_line.parent_product_line",11.5550,1
"people.family.country",11.5226,1
"conferences.conference_subject.series_of_conferences_about_this",11.5028,16
"martial_arts.martial_arts_organization.martial_arts",11.5000,2
"media_common.adaptation.adapted_from",11.4879,16
"religion.religion.branched_into",11.4844,1
"government.us_vice_president.to_president",11.4740,1
"spaceflight.rocket_engine_fuel.rocket_engines",11.4559,3
"wine.vineyard.wines",11.4546,2
"aviation.aircraft_type.aircraft_of_this_type",11.4543,2
"music.instrument.instrumentalists",11.4531,2
"book.magazine_issue.cover_artist",11.4440,1
"boxing.boxing_decision.matches_ended_with_this_decision",11.4124,1
"education.school.school_district",11.4096,2
"aviation.aircraft_model.parent_aircraft_model",11.3962,1
"people.profession.specialization_of",11.3858,2
"time.calendar.months",11.3583,2
"astronomy.asterism.stars",11.3307,1
"spaceflight.rocket_manufacturer.rockets_manufactured",11.3274,2
"spaceflight.rocket_function.rockets_supporting_this_function",11.3088,2
"education.field_of_study.academic_departments",11.2913,1
"conferences.conference_series.conference",11.2808,17
"biology.organism.children",11.2755,2
"government.polling_authority.polls",11.2607,3
"rail.locomotive_class.parent_class",11.2370,16
"amusement_parks.ride.theme",11.2298,1
"sports.defunct_sports_team.later_known_as",11.2231,2
"tv.tv_character.appeared_in_tv_episodes",11.2132,1
"law.constitutional_amendment_proposer.constitutional_amendments_proposed",11.1847,2
"meteorology.beaufort_wind_force.tropical_cyclone_categories",11.1540,4
"government.government_office_or_title.governmental_body_if_any",11.1539,2
"spaceflight.rocket_launch_site.rockets_launched_here",11.1529,1
"astronomy.galactic_interaction.when",11.1507,1
"medicine.medical_trial_design.trials",11.1340,28
"engineering.material.subclass",11.1201,1
"architecture.lighthouse.light_color_range",11.1177,1
"architecture.museum_director.museum",11.1149,2
"food.cheese.texture",11.1125,1
"spaceflight.rocket.manufacturer",11.0993,2
"book.book_edition.interior_illustrations_by",11.0970,1
"astronomy.telescope_type.higher_classification",11.0948,1
"government.government_issued_permit.application_channel",11.0836,1
"spaceflight.space_mission.space_program",11.0737,1
"engineering.channel_access_method.parent_method",11.0684,2
"astronomy.comet.meteor_shower_spawned",11.0572,3
"automotive.model.similar",11.0329,1
"computer.computer.key_designers",11.0290,1
"conferences.conference_series.sponsoring_organization",11.0116,34
"automotive.generation.make",10.9943,2
"medicine.drug_ingredient.active_moiety_of_formulation",10.9876,1
"language.language_family.member_of_language_families",10.9834,2
"library.public_library_system.central_library",10.9533,2
"automotive.generation.manufacturing_plant",10.9529,1
"book.publishing_company.books_published",10.9458,1
"engineering.engine.category",10.9405,2
"religion.religious_organization.associated_with",10.9400,1
"government.election.office",10.9098,1
"visual_art.artwork.art_genre",10.8823,1
"amusement_parks.roller_coaster.track_length",10.8773,1
"medicine.drug_brand.manufacturer",10.8742,1
"medicine.medical_trial.design",10.8699,26
"rail.railway.terminuses",10.8686,16
"music.genre.recordings",10.8580,1
"fictional_universe.fictional_creature.attributes_powers_or_abilities",10.8389,1
"spaceflight.space_agency.spaceports",10.8142,1
"biology.fossil_site.specimens_found_here",10.7900,2
"travel.transportation.mode_of_transportation",10.7781,1
"aviation.aircraft_ownership_count.number_owned",10.7669,1
"celebrities.supercouple.partners",10.7378,1
"cvg.computer_game_engine.predecessor_engine",10.7231,19
"language.language_writing_type.writing_systems",10.7195,1
"astronomy.asteroid.member_of_asteroid_family",10.7172,5
"engineering.material.parent_material_class",10.7140,2
"education.school_mascot.school",10.7124,1
"cricket.cricket_bowler.bowling_style",10.6986,1
"time.event.included_in_event",10.6983,1
"religion.religion.is_part_of",10.6716,3
"food.beer.country",10.6612,1
"people.chinese_ethnic_group.autonomous_counties",10.6499,2
"people.professional_field.professions_in_this_field",10.6229,3
"people.ethnicity.includes_groups",10.6179,1
"sports.tournament_event_competitor.country",10.6042,1
"cvg.computer_game_engine.successor_engine",10.5921,20
"computer.processor_manufacturer.processors_manufactured",10.5755,1
"business.product_line.predecessor_product_line",10.5754,1
"transportation.road.major_cities",10.5672,1
"architecture.architect.structure_count",10.5404,2
"base.lightweight.beer_hop.beer_styles_used_in",10.5046,8
"computer.operating_system.supported_architectures",10.4988,1
"amusement_parks.park.rides",10.4880,1
"astronomy.asterism.constellations",10.4839,1
"people.profession.part_of_professional_field",10.4789,1
"religion.religious_text.religious_text_of",10.4755,2
"biology.gene_ontology_group.narrower_group",10.4753,1
"business.business_location.parent_company",10.4725,1
"computer.programming_language_developer.programming_languages_developed",10.4179,1
"astronomy.extraterrestrial_location.contains",10.4163,1
"travel.hotel.drinking_establishments",10.3912,1
"internet.top_level_domain_sponsor.domains",10.3850,1
"computer.computer_processor.used_in_computers",10.3834,2
"biology.genomic_locus.band",10.3812,1
"martial_arts.martial_artist.martial_arts_students",10.3792,3
"tv.tv_episode_segment.subjects",10.3655,1
"sports.sports_award_type.winners",10.3586,1
"people.chinese_ethnic_group.autonomous_prefectures",10.3333,1
"olympics.olympic_athlete.country",10.3307,1
"automotive.fuel.engines",10.3280,1
"broadcast.distributor.distributes",10.3139,1
"fictional_universe.person_in_fiction.representations_in_fiction",10.2859,1
"measurement_unit.measuring_instrument.subclasses",10.2823,7
"medicine.drug.routed_drugs",10.2489,2
"fictional_universe.fictional_creature.featured_in_fictional_universe",10.2445,2
"music.release.producers",10.2396,1
"law.constitutional_amendment.proposed_by",10.2396,2
"sports.sports_team_location.teams",10.2377,2
"astronomy.galaxy.galaxy_classification_hubble",10.2348,1
"automotive.make.parent_company",10.2335,1
"biology.genome_curator.build",10.2320,2
"comic_books.comic_book_colorist.comic_stories_colored",10.2175,1
"sports.golf_course.facility",10.2020,3
"broadcast.podcast_feed.media_format",10.1764,3
"book.short_story.genre",10.1695,1
"music.composition.language",10.1672,2
"media_common.adapted_work.adaptations",10.1598,18
"government.political_party.country",10.1091,1
"tv.tv_program_creator.programs_created",10.1009,1
"book.book_edition_series.sub_series",10.0947,2
"fictional_universe.fictional_organization.sub_organization_in_fiction",10.0666,2
"broadcast.genre.content",10.0440,4
"education.academic.advisors",10.0350,1
"theater.theatrical_lyricist.play_lyrics_written",10.0177,2
"internet.website.status",10.0081,1
"religion.adherents.religion",9.9919,1
"food.cheese.country_of_origin",9.9897,2
"music.performance_venue.concerts",9.9801,3
"music.genre.parent_genre",9.9652,2
"fictional_universe.fictional_organization_founder.fictional_organizations_founded",9.9606,2
"interests.collection_category.items_in_this_category",9.9515,21
"food.ingredient.more_specific_ingredient",9.9430,4
"architecture.type_of_museum.museums",9.9279,3
"automotive.platform.generations",9.9095,3
"religion.deity.deity_of",9.9095,2
"music.genre.albums",9.9046,2
"dining.cuisine.ingredients",9.8982,3
"medicine.manufactured_drug_form.patents",9.8960,2
"tv.tv_character.first_tv_appearance",9.8757,2
"architecture.museum.type_of_museum",9.8673,1
"comic_books.comic_book_series.final_issue",9.8628,2
"government.political_district.elections",9.8462,1
"people.family_name.people_with_this_family_name",9.8434,2
"comic_books.comic_book_issue.next_issue",9.8313,1
"book.magazine_issue.interior_illustrations_by",9.8141,1
"medicine.medical_trial_type.medical_trials",9.8050,1
"music.voice.singers",9.8040,1
"astronomy.celestial_object_category.subcategories",9.7995,1
"computer.software_genre.software_in_genre",9.7901,3
"fictional_universe.fictional_character_creator.fictional_characters_created",9.7864,1
"base.lightweight.profession.specialization_of",9.7853,1
"automotive.model_year.generation",9.7798,1
"theater.theater_production.translation_used",9.7658,1
"organization.organization.partnerships",9.7612,1
"ice_hockey.hockey_division.teams",9.7604,1
"martial_arts.martial_art.well_known_practitioner",9.7405,2
"fictional_universe.fictional_creature.fictional_creature_species",9.7385,1
"base.lightweight.profession.similar_professions",9.7066,1
"computer.programming_language_designer.languages_designed",9.7039,4
"cricket.cricket_series.team_two",9.6816,1
"government.governmental_body.members",9.6790,2
"book.scholarly_work.acknowledged_people",9.6672,1
"medicine.medical_trial.expected_total_enrollment",9.6498,26
"computer.file_format.read_by",9.6481,1
"aviation.airliner_accident.crew",9.6366,2
"media_common.quotation.incorrectly_attributed_to",9.6245,1
"interests.interest.people_with_this_interest",9.5973,1
"astronomy.astronomical_discovery.discovery_date",9.5956,1
"architecture.lighthouse_construction_material.used_on_lighthouse",9.5662,1
"sports.sport.leagues",9.5635,1
"fictional_universe.fictional_universe.organizations",9.5472,1
"religion.religion.texts",9.5291,17
"conferences.conference.venue",9.5285,12
"medicine.vector_of_disease.disease",9.5166,1
"spaceflight.rocket.mass",9.5121,1
"spaceflight.rocket.satellites_launched",9.5002,1
"travel.hotel.restaurants_in_hotel",9.4968,2
"computer.operating_system.developer",9.4967,2
"sports.tournament_event.sport",9.4940,1
"business.business_location.in_shopping_center",9.4933,2
"book.poem_character.appears_in_poems",9.4779,3
"broadcast.content.language",9.4546,1
"music.artist.track",9.4404,2
"boats.ship_designer.boats_designed",9.4329,18
"medicine.disease.affiliated_diseases",9.4236,1
"education.dissertation.degree",9.4169,1
"automotive.privately_owned_vehicle.milage",9.4009,1
"medicine.symptom.symptom_of",9.3888,1
"aviation.airliner_accident.date",9.3767,1
"religion.founding_figure.religion_founded",9.3738,1
"radio.radio_episode_segment.episode",9.3418,6
"olympics.olympic_event.contested_as_demonstration_event",9.3330,1
"book.book_edition_series.editions_in_this_series",9.3248,4
"medicine.drug_ingredient.active_ingredient_of_formulation",9.3223,16
"aviation.airliner_accident.flight_destination",9.2786,3
"skiing.run_rating_symbol.run_rating",9.2757,1
"religion.religion.holidays",9.2751,16
"sports.sport.positions",9.2642,2
"fictional_universe.work_of_fiction.events",9.2508,1
"tv.tv_program.genre",9.2377,1
"tennis.tennis_player.matches_won",9.2359,1
"visual_art.visual_artist.artworks",9.1989,1
"rail.locomotive.locomotive_class",9.1822,13
"medicine.symptom.side_effect_of",9.1740,1
"internet.website_status.sites",9.1679,1
"book.book_edition_series.part_of_series",9.1664,1
"rail.railway.part_of_network",9.1606,6
"tv.tv_program.country_of_origin",9.1472,1
"music.compositional_form.compositions",9.1152,1
"tv.tv_subject.tv_programs",9.0791,1
"zoos.zoo.memberships",9.0489,1
"cvg.computer_game_distribution_system.payment_system",9.0158,7
"time.holiday.related_event",8.9877,1
"projects.project.includes_smaller_projects",8.9554,2
"medicine.icd_9_cm_classification.parent_classification",8.9438,1
"cvg.computer_game_engine_family.engines_in_this_family",8.9198,21
"exhibitions.exhibition_producer.exhibitions_produced",8.9049,18
"rail.electric_system.locomotive_class",8.8980,6
"martial_arts.martial_art_category.martial_arts",8.8766,1
"fictional_universe.event_in_fiction.included_by_these_events",8.8520,1
"music.music_video_director.music_videos_directed",8.8326,2
"skiing.run_rating.ski_runs",8.8259,1
"religion.religion.types_of_places_of_worship",8.8166,16
"computer.computer.includes_models",8.8133,3
"architecture.architectural_style.architects",8.8114,2
"comic_books.comic_book_genre.stories_in_this_genre",8.7787,4
"people.profession.corresponding_type",8.6832,4
"computer.computing_platform.file_formats_supported",8.6808,17
"biology.pedigreed_animal.breed",8.6738,4
"computer.operating_system.includes_os_versions",8.6561,2
"aviation.aircraft_model.part_of_line",8.6504,3
"astronomy.constellation.contains",8.6442,11
"conferences.conference_series.subject",8.6140,17
"rail.steam_locomotive_wheel_configuration.locomotive_classes",8.5898,22
"amusement_parks.ride.includes_film",8.5885,1
"interests.collection_category.parent_category",8.5606,5
"astronomy.celestial_object.hipparcos_catalog_number",8.5511,1
"dining.restaurant.cuisine",8.5288,3
"ice_hockey.hockey_team.division",8.5115,1
"martial_arts.martial_art.category",8.4777,1
"music.compositional_form.superforms",8.4629,1
"fictional_universe.fictional_character.occupation",8.4297,1
"base.lightweight.beer_hop.similar_hops",8.4160,1
"ice_hockey.hockey_conference.teams",8.4071,1
"fictional_universe.fictional_object.location",8.3905,4
"book.book_edition.book_edition_series",8.3803,2
"olympics.olympic_venue.olympic_games_used_in",8.3750,1
"measurement_unit.unit_of_conductivity.measurement_system",8.3510,4
"biology.organism_classification.fossil_specimens",8.3158,1
"tv.tv_program.multipart_episodes",8.3149,1
"rail.rail_gauge.locomotive_classes",8.2918,6
"fictional_universe.work_of_fiction.part_of_these_fictional_universes",8.2678,1
"measurement_unit.measurement_system.thermal_conductivity_units",8.2675,6
"computer.file_format.written_by",8.2673,1
"fictional_universe.fictional_setting.languages",8.2609,3
"comic_strips.comic_strip.characters",8.2419,1
"dining.cuisine.dishes",8.2409,1
"fictional_universe.character_gender.characters_of_this_gender",8.2387,2
"computer.computer_designer.computers_designed",8.2297,3
"comic_books.comic_book_series.continued_by",8.2034,1
"comic_books.comic_book_character.cover_appearances",8.1857,3
"biology.breed_temperament.breeds",8.1803,18
"book.translation.translation_of",8.1320,1
"conferences.type_of_conference.conferences_of_this_type",8.1307,46
"aviation.airline.number_of_destinations",8.0887,1
"music.composer.compositions",8.0854,1
"fictional_universe.fictional_substance.color",8.0652,1
"medicine.hospital.medical_school_affiliation",8.0612,1
"measurement_unit.measurement_system.electric_field_strength_units",8.0419,5
"sports.professional_sports_team.owner_s",8.0328,3
"book.written_work.school_or_movement",8.0262,2
"music.album.compositions",8.0154,1
"symbols.coat_of_arms.crest",7.9853,6
"aviation.aircraft.date_manufactured",7.9671,1
"measurement_unit.pressure_unit.measurement_system",7.9614,12
"geology.geological_formation.formed_during_period",7.9401,1
"aviation.airline.focus_cities",7.9371,1
"conferences.conference_venue.conferences",7.9261,44
"geography.mountain.mountain_type",7.9206,16
"religion.belief.belief_of",7.9199,16
"measurement_unit.energy_unit.measurement_system",7.8965,7
"base.lightweight.profession.professions_similar",7.8860,1
"wine.wine.country",7.8854,1
"medicine.medical_treatment.used_to_treat",7.8811,1
"tv.tv_program.subjects",7.8781,2
"education.school_magazine.school",7.8740,1
"measurement_unit.measuring_instrument.dimension_measured",7.8495,7
"measurement_unit.luminance_unit.measurement_system",7.8422,6
"people.person.gender",7.8365,1
"cvg.computer_videogame.influenced",7.7881,16
"food.dish.cuisine",7.7810,1
"tv.tv_program.recurring_segments",7.7572,1
"tv.tv_series_season.regular_cast",7.7277,1
"comic_books.comic_book_creator.characters_created",7.7183,2
"fictional_universe.fictional_organization.members",7.6856,1
"medicine.medical_trial.references",7.6757,1
"visual_art.visual_artist.art_series",7.6342,1
"measurement_unit.measurement_system.length_units",7.6286,45
"theater.play.characters",7.6109,1
"cvg.cvg_publisher.game_versions_published",7.6074,16
"computer.programming_language.dialects",7.6044,1
"computer.computer.parent_model",7.5838,1
"measurement_unit.speed_unit.measurement_system",7.5615,6
"measurement_unit.measurement_system.surface_density_units",7.5589,12
"measurement_unit.measurement_system.conductance_units",7.5449,5
"book.illustrator.book_edition_covers",7.5380,1
"media_common.quotation_subject.quotations_about_this_subject",7.5243,19
"measurement_unit.measurement_system.molar_energy_units",7.5243,6
"sports.sports_team_owner.teams_owned",7.5229,3
"measurement_unit.time_unit.measurement_system",7.5104,5
"measurement_unit.temperature_unit.measurement_system",7.5092,6
"comic_books.comic_book_story.genre",7.4985,2
"astronomy.meteorite.meteorite_mass",7.4854,18
"soccer.football_league_season.teams",7.4786,1
"comic_books.comic_book_editor.issues_edited",7.4702,1
"medicine.medical_trial.contact",7.4524,1
"measurement_unit.measurement_system.angular_acceleration_units",7.4417,5
"language.language_writing_system.type_of_writing",7.4330,2
"book.book_edition.reader",7.4289,1
"music.recording.releases",7.4163,3
"measurement_unit.molar_heat_capacity_unit.measurement_system",7.4019,8
"medicine.hospital.medical_specialties",7.3962,1
"law.us_patent.associated_inventions",7.3798,1
"amusement_parks.ride.capacity",7.3709,7
"people.ethnicity.languages_spoken",7.3295,16
"digicams.camera_compressed_format.cameras",7.3159,9
"education.department.field",7.3104,1
"computer.software_developer.software",7.3044,2
"measurement_unit.measurement_system.illuminance_units",7.2935,10
"measurement_unit.viscosity_unit.measurement_system",7.2863,4
"fictional_universe.fictional_object.created_by",7.2830,1
"book.book_subject.musical_compositions_about_this_topic",7.2611,3
"measurement_unit.measurement_system.volumetric_heat_capacity_units",7.2435,11
"measurement_unit.measurement_system.acceleration_units",7.2383,7
"measurement_unit.mass_unit.measurement_system",7.1934,12
"computer.programming_language.influenced_by",7.1819,1
"astronomy.astronomer.astronomical_objects_discovered",7.1719,2
"religion.religion.places_of_worship",7.1623,2
"cvg.cvg_platform.platform_family",7.1621,6
"meteorology.meteorological_service.forecast_zones",7.1449,2
"government.governmental_jurisdiction.agencies",7.1240,1
"medicine.drug_manufacturer.drugs_manufactured",7.0822,2
"business.product_line.themes",7.0773,1
"aviation.airline.fleet_size",7.0601,1
"biology.animal_breed.temperament",7.0571,16
"food.culinary_tool.used_in_recipes",7.0144,1
"conferences.conference.proceedings",6.9976,7
"cvg.computer_videogame.prequel",6.9776,16
"comic_books.comic_book_inker.comic_covers_inked",6.9681,1
"fictional_universe.character_species.characters_of_this_species",6.9589,3
"internet.website.parent_web_property",6.9582,18
"comic_books.comic_book_fictional_universe.characters_primarily_appearing_in_this_universe",6.9487,1
"fictional_universe.fictional_object.featured_in_fictional_universe",6.9367,1
"cvg.computer_game_rating.rating_system",6.8998,24
"comic_books.comic_book_series.featured_characters",6.8931,1
"aviation.airline.alliance",6.8822,1
"meteorology.tropical_cyclone_category.tropical_cyclones",6.8576,3
"book.review.work_reviewed",6.8541,1
"measurement_unit.conductance_unit.measurement_system",6.8507,5
"sports.sports_team.member_of",6.8449,3
"digicams.camera_iso.cameras",6.8325,1
"measurement_unit.measurement_system.luminance_units",6.8297,5
"aviation.aircraft_model.designed_by",6.7240,2
"measurement_unit.angular_velocity_unit.measurement_system",6.7134,6
"music.music_video_character.portrayed_in_music_videos",6.7017,1
"computer.computer.processor",6.6820,1
"measurement_unit.measurement_system.force_units",6.6799,10
"measurement_unit.unit_of_resistivity.measurement_system",6.6580,5
"measurement_unit.measurement_system.force_moment_units",6.6544,5
"food.ingredient.more_general_ingredient",6.6031,2
"astronomy.astronomical_survey_project_organization.observatory",6.5962,2
"measurement_unit.measurement_system.magnetic_field_strength_units",6.5947,18
"measurement_unit.measurement_system.solid_angle_units",6.5754,6
"measurement_unit.measurement_system.current_units",6.5539,5
"cvg.computer_videogame.influenced_by",6.5340,17
"medicine.medical_treatment.trials",6.4923,1
"wine.wine_sub_region.wines",6.4803,16
"measurement_unit.measurement_system.catalytic_concentration_units",6.4476,7
"sports.sport.officials",6.4156,1
"measurement_unit.measurement_system.resistivity_units",6.4031,6
"law.invention.patents",6.4014,1
"food.diet.recipes",6.3943,1
"amusement_parks.ride.duration",6.3794,2
"food.ingredient.dishes",6.3778,1
"spaceflight.rocket_engine_designer.rocket_engines",6.3741,1
"medicine.medical_specialty.hospitals_with_this_specialty",6.3713,1
"meteorology.tropical_cyclone_category.Beaufort_scale",6.3643,1
"cvg.computer_game_engine.used_for_computer_games",6.3499,14
"government.government_office_or_title.category",6.3494,1
"medicine.symptom.includes_symptoms",6.3232,1
"measurement_unit.measurement_system.resistance_units",6.3161,8
"business.company_product_relationship.company",6.3098,1
"exhibitions.exhibition_curator.exhibitions_curated",6.2563,16
"measurement_unit.measurement_system.specific_energy_units",6.2438,6
"book.reviewed_work.reviews_of_this_work",6.1925,1
"meteorology.tropical_cyclone.category",6.1686,2
"computer.operating_system.release_date",6.1541,2
"music.release_component.package",6.1454,1
"sports.mascot.team",6.1386,2
"computer.computer_peripheral_class.products",6.1213,1
"broadcast.radio_station.format",6.1109,3
"automotive.model.model_years",6.0929,1
"military.military_resource.conflicts",6.0878,2
"cvg.cvg_platform.games_on_this_platform",6.0536,16
"measurement_unit.measurement_system.luminous_flux_units",6.0525,14
"book.series_editor.book_edition_series_edited",6.0448,2
"comic_books.comic_book_character.created_by",6.0385,1
"time.day_of_year.month",5.9798,1
"measurement_unit.measurement_system.data_rate_units",5.9603,6
"measurement_unit.measurement_system.substance_units",5.9306,5
"measurement_unit.measurement_system.permittivity_units",5.9285,6
"cvg.computer_videogame.subjects",5.9208,16
"astronomy.asteroid.member_of_asteroid_group",5.9078,1
"visual_art.visual_art_support.artworks",5.8823,2
"biology.hybrid_parentage.hybrid",5.8738,1
"olympics.olympic_games.sports",5.8315,1
"fictional_universe.fictional_setting.universe",5.8098,3
"medicine.condition_prevention_factors.conditions_this_may_prevent",5.8077,1
"measurement_unit.unit_of_data_transmission_rate.measurement_system",5.7558,6
"measurement_unit.unit_of_density.measurement_system",5.7550,5
"measurement_unit.measurement_system.current_density_units",5.7493,12
"measurement_unit.measurement_system.absorbed_dose_rate_units",5.7411,15
"broadcast.radio_station.owner",5.7333,1
"tennis.tennis_player.handed",5.7275,1
"periodicals.newspaper_circulation_area.newspapers",5.7070,1
"cvg.cvg_genre.games",5.7021,16
"measurement_unit.measurement_system.permeability_units",5.6921,5
"business.consumer_product.themes",5.6127,1
"measurement_unit.area_unit.measurement_system",5.6116,14
"cvg.computer_game_distribution_system.platforms_supported",5.5935,38
"cvg.computer_game_content_descriptor.rating_system",5.5630,5
"measurement_unit.measurement_system.volumetric_flow_rate_units",5.5439,13
"measurement_unit.absorbed_dose_rate_unit.measurement_system",5.4929,5
"cvg.computer_videogame.designers",5.4765,16
"measurement_unit.measurement_system.exposure_units",5.4019,10
"medicine.disease_cause.diseases",5.3821,1
"measurement_unit.measurement_system.specific_volume_units",5.3819,13
"tv.tv_series_season.rating",5.3758,4
"business.company_type.companies_of_this_type",5.3732,6
"measurement_unit.measurement_system.wavenumber_units",5.3575,6
"measurement_unit.potential_unit.measurement_system",5.3536,5
"book.book_edition.language",5.3097,3
"book.short_non_fiction_variety.works",5.2968,1
"rail.locomotive_builder.locomotive_classes_built",5.2348,28
"education.field_of_study.students_majoring",5.2076,2
"education.education.minor",5.1893,1
"dining.cuisine.region_of_origin",5.1867,1
"education.school_newspaper.school",5.1458,3
"measurement_unit.measurement_system.heat_capacity_units",5.1448,16
"meteorology.tropical_cyclone.affected_areas",5.1430,2
"comic_books.comic_book_series.issues",5.1258,1
"measurement_unit.measurement_system.volume_units",5.1179,8
"measurement_unit.capacitance_unit.measurement_system",5.0901,6
"measurement_unit.measurement_system.absorbed_dose_units",5.0663,7
"zoos.zoo_exhibit.species",5.0282,1
"measurement_unit.measurement_system.density_units",4.9926,6
"measurement_unit.measurement_system.molar_heat_capacity_units",4.9795,4
"measurement_unit.measurement_system.potential_units",4.9156,5
"biology.cytogenetic_band.locus",4.9088,2
"measurement_unit.measurement_system.capacitance_units",4.8961,8
"measurement_unit.volume_unit.measurement_system",4.8935,6
"time.recurring_event.current_frequency",4.8503,8
"architecture.building.floors",4.7798,3
"tv.tv_program.episodes",4.7671,1
"aviation.airport.operator",4.7516,1
"measurement_unit.measurement_system.luminous_intensity_units",4.7355,6
"measurement_unit.measurement_system.surface_tension_units",4.7193,5
"time.holiday_period.holidays",4.7003,1
"medicine.drug.legal_status",4.6582,1
"measurement_unit.magnetic_flux_density_unit.measurement_system",4.6576,5
"music.featured_artist.recordings",4.6452,14
"measurement_unit.measurement_system.magnetic_flux_units",4.5607,6
"soccer.football_league_system.leagues",4.5318,1
"music.recording.song",4.5022,2
"fictional_universe.fictional_setting.fictional_characters_born_here",4.4596,1
"astronomy.astronomical_observatory.discoveries",4.4308,1
"computer.software.license",4.4299,3
"measurement_unit.measurement_system.viscosity_units",4.3805,6
"biology.animal_ownership.owners",4.3695,1
"media_common.quotation.author",4.3292,2
"computer.file_format.genre",4.2600,18
"measurement_unit.catalytic_activity_unit.measurement_system",4.2356,5
"fictional_universe.fictional_universe.species",4.2340,16
"measurement_unit.measurement_system.inverse_temperature_units",4.2185,6
"fictional_universe.fictional_universe.locations",4.1864,1
"media_common.quotation.subjects",4.1555,4
"measurement_unit.measurement_system.irradiance_units",4.1245,15
"cvg.cvg_publisher.games_published",4.0889,38
"cvg.computer_videogame.developer",4.0883,16
"measurement_unit.measurement_system.angle_units",4.0593,6
"freebase.user_profile.favorite_films",4.0518,2
"comic_books.comic_book_character.story_specific_appearances",4.0381,16
"computer.file_format_genre.file_formats",4.0306,18
"visual_art.art_series.artworks",4.0165,1
"boats.ship.means_of_propulsion",4.0097,1
"internet.api.site",3.9552,3
"radio.radio_subject.episodes_with_this_subject",3.9460,19
"measurement_unit.measurement_system.radiant_intensity_units",3.9445,6
"government.government_service.providing_agency",3.9434,2
"broadcast.tv_station.owner",3.8463,1
"education.student_radio_station.school",3.8039,1
"measurement_unit.measurement_system.inductance_units",3.7965,7
"radio.radio_program_episode.program",3.6651,17
"cvg.computer_game_compilation.games_included",3.6572,16
"visual_art.visual_art_medium.artworks",3.6243,1
"cvg.game_version.distributed_through",3.5306,46
"tv.tv_program.soundtrack",3.5207,2
"astronomy.celestial_object.magnitude",3.5104,1
"tv.tv_program.filming_locations",3.4804,2
"people.profession.people_with_this_profession",3.4461,20
"cvg.cvg_developer.game_versions_developed",3.3889,31
"measurement_unit.power_unit.measurement_system",3.3651,7
"measurement_unit.measurement_system.radiance_units",3.3639,13
"cvg.video_game_soundtrack.video_game",3.1585,6
"computer.computer_manufacturer_brand.computer_lines",3.1535,1
"religion.monastery.religion",3.1116,1
"measurement_unit.inductance_unit.measurement_system",3.0205,7
"measurement_unit.measurement_system.radioactivity_units",2.9582,14
"amusement_parks.ride.ride_type",2.9387,2
"people.person.languages",2.8931,3
"measurement_unit.measurement_system.charge_units",2.8446,7
"broadcast.producer.produces",2.8436,1
"amusement_parks.ride.inversions",2.7924,1
"aviation.aircraft_designer.aircraft_models_designed",2.6935,1
"cvg.computer_videogame.versions",2.6727,32
"sports.sports_team.location",2.6513,2
"measurement_unit.measurement_system.electric_flux_density_units",2.6108,6
"architecture.landscape_project.construction_cost",2.6077,5
"amusement_parks.ride.opened",2.5843,6
"measurement_unit.dimension.si_base_unit",2.5627,30
"cvg.cvg_developer.games_developed",2.5600,37
"measurement_unit.magnetic_field_strength_unit.measurement_system",2.5419,4
"business.product_line.category",2.4417,1
"amusement_parks.ride_type.rides",2.3216,2
"business.product_line.products",2.2602,1
"computer.file_format.format_creator",2.1358,16
"digicams.digital_camera.color_filter_array_type",2.0930,1
"cvg.cvg_designer.games_designed",2.0771,29
"measurement_unit.measurement_system.energy_density_units",2.0539,6
"biology.animal_breed.place_of_origin",1.9027,16
"fictional_universe.fictional_language.where_spoken",1.8517,1
"measurement_unit.measurement_system.magnetic_flux_density_units",1.6078,6
"people.person.nationality",1.5506,5
"people.deceased_person.place_of_death",1.4960,1
"cvg.computer_game_mod.game_modded",1.3985,21
"biology.genome.taxon",1.3863,1
"fictional_universe.character_occupation.characters_with_this_occupation",1.3592,1
"broadcast.content.producer",1.3405,1
"astronomy.star.planet_s",1.3155,2
"religion.monastery.religious_order",1.2824,1
"exhibitions.exhibition.exhibition_types",1.2151,1
"sports.sports_team_captain.team",1.1966,1
"automotive.privately_owned_vehicle.model",1.0867,1
"cvg.computer_videogame.soundtracks",1.0474,32
"fictional_universe.medical_condition_in_fiction.characters_with_this_condition",0.9339,1
"radio.radio_subject.programs_with_this_subject",0.9245,33
"spaceflight.rocket_engine_status.rocket_engines",0.6971,1
"religion.place_of_worship.religion",0.6777,1
"media_common.quotation.spoken_by_character",0.4075,2
"astronomy.celestial_object.absolute_magnitude",0.1215,1
"religion.religion.practices",0.0579,18
"cvg.computer_game_region.versions_released_in_this_region",-0.0105,22
"exhibitions.type_of_exhibition.exhibitions_of_this_type",-0.0499,1
"cvg.computer_videogame.processors_supported",-0.1192,15
"book.audio_book_reader.audio_books_read",-0.1539,7
"cvg.cvg_platform_family.platforms",-0.2023,6
"religion.type_of_place_of_worship.religion",-0.2496,1
"architecture.venue.capacity",-0.3287,6
"religion.religious_practice.practice_of",-0.5291,16
"book.book_edition.place_of_publication",-0.5519,1
"astronomy.orbital_relationship.orbital_order",-1.0800,6
"astronomy.celestial_object.cosmological_distance",-1.3044,1
"computer.software.languages_used",-1.7983,15
"cvg.computer_videogame.expansions",-2.1564,16
"astronomy.constellation_bordering_relationship.constellations",-2.2283,1
"astronomy.orbital_relationship.orbital_period",-2.5224,2
"book.written_work.author",-3.1477,2
"astronomy.orbital_relationship.mean_orbital_speed",-3.5358,5
"astronomy.orbital_relationship.inclination",-4.2963,2
"astronomy.constellation.bordering_constellations_new",-4.8366,1
"architecture.structure.construction_started",-5.1012,1
"architecture.structure.destruction_date",-6.4369,1
